CTID,trachea_z,trachea_y,trachea_x,volume_gen30,surface_area_gen30,box_counting_dim_gen30,tampering_coeff_gen30,CV_radius_gen30,AC_gen0,AC_gen1,AC_gen2,AC_gen3,AC_gen4,AC_gen5,AC_gen6,AC_gen7,AC_gen8,AC_gen9,AC_gen10,AC_gen11,AC_gen12,tree_entropy,tree_Life_0,tree_Life_1,tree_Life_2,tree_Birth_0,tree_Birth_1,tree_Birth_2,tree_Ratio_0,tree_Ratio_1,tree_Ratio_2,tree_Life_bin0,tree_Life_bin1,tree_Life_bin2,tree_Life_bin3,tree_Birth_bin0,tree_Birth_bin1,tree_Birth_bin2,tree_Birth_bin3,tree_Ratio_bin0,tree_Ratio_bin1,tree_Ratio_bin2,tree_Ratio_bin3,radial_entropy,radial_Life_0,radial_Life_1,radial_Life_2,radial_Birth_0,radial_Birth_1,radial_Birth_2,radial_Ratio_0,radial_Ratio_1,radial_Ratio_2,radial_Life_bin0,radial_Life_bin1,radial_Life_bin2,radial_Life_bin3,radial_Birth_bin0,radial_Birth_bin1,radial_Birth_bin2,radial_Birth_bin3,radial_Ratio_bin0,radial_Ratio_bin1,radial_Ratio_bin2,radial_Ratio_bin3,AC_gen13
Test01,111,185,174,73665,54222,1.7838190664057725,-0.007299674710068439,0.05249884713327034,1,2,4,8,17,30,44,58,54,50,34,16,6,6.713089041073678,41,12,7,5,27,28,56,4,0,1.0,14.0,27.0,40.0,60.0,80.0,100.0,120.0,0.0,0.3333333333333333,0.6666666666666666,1.0,10.736125639333839,186,0,0,184,2,0,14,120,52,1.2,10.799999999999999,20.4,30.0,1.0,10.666666666666666,20.333333333333332,30.0,0.0,0.3333333333333333,0.6666666666666666,1.0,
Test02,114,198,170,61233,49268,1.7200768681670977,-0.005850325660668228,0.05421906651441514,1,2,4,8,16,32,56,60,54,44,34,10,6,6.781519480773067,55,15,7,15,23,39,76,1,0,1.0,14.0,27.0,40.0,60.0,80.0,100.0,120.0,0.0,0.3333333333333333,0.6666666666666666,1.0,10.726303125905464,166,0,0,165,1,0,12,101,53,1.2,10.799999999999999,20.4,30.0,1.0,10.666666666666666,20.333333333333332,30.0,0.0,0.3333333333333333,0.6666666666666666,1.0,2.0
