CTID,trachea_z,trachea_y,trachea_x,volume_gen5,surface_area_gen5,box_counting_dim_gen5,tampering_coeff_gen5,CV_radius_gen5,AC_gen0,AC_gen1,AC_gen2,AC_gen3,AC_gen4,AC_gen5,AC_gen6,AC_gen7,AC_gen8,AC_gen9,AC_gen10,AC_gen11,AC_gen12,AC_gen13,AC_gen14,AC_gen15,tree_entropy,tree_Life_0,tree_Life_1,tree_Life_2,tree_Birth_0,tree_Birth_1,tree_Birth_2,tree_Ratio_0,tree_Ratio_1,tree_Ratio_2,tree_Life_bin0,tree_Life_bin1,tree_Life_bin2,tree_Life_bin3,tree_Birth_bin0,tree_Birth_bin1,tree_Birth_bin2,tree_Birth_bin3,tree_Ratio_bin0,tree_Ratio_bin1,tree_Ratio_bin2,tree_Ratio_bin3,radial_entropy,radial_Life_0,radial_Life_1,radial_Life_2,radial_Birth_0,radial_Birth_1,radial_Birth_2,radial_Ratio_0,radial_Ratio_1,radial_Ratio_2,radial_Life_bin0,radial_Life_bin1,radial_Life_bin2,radial_Life_bin3,radial_Birth_bin0,radial_Birth_bin1,radial_Birth_bin2,radial_Birth_bin3,radial_Ratio_bin0,radial_Ratio_bin1,radial_Ratio_bin2,radial_Ratio_bin3
Test01,111,185,174,38659,16755,1.6536060588374482,-0.013001834469226835,0.023278222587148383,1,2,4,8,17,30,44,58,52,48,30,12,2,4,6,6.0,4.416844795175338,18,4,3,18,25,50,87,5,1,1.0,11.376949691546166,21.75389938309233,32.1308490746385,0.0,38.42314334045832,76.84628668091663,115.26943002137494,0.0,0.3333333333333333,0.6666666666666666,1.0,8.900647975775188,50,4,0,279,305,172,722,39,0,1.0,2.333333333333333,3.6666666666666665,5.0,0.0,3.3333333333333335,6.666666666666667,10.0,0.0,0.3333333333333333,0.6666666666666666,1.0
Test02,114,198,170,31063,15315,1.776585021815188,-0.008038518106215404,0.03209427535349537,1,2,4,8,16,32,56,60,52,40,30,20,4,4,2,,4.343581391725187,14,6,3,12,24,52,83,3,2,1.0,11.376949691546166,21.75389938309233,32.1308490746385,0.0,38.42314334045832,76.84628668091663,115.26943002137494,0.0,0.3333333333333333,0.6666666666666666,1.0,8.874300640831946,50,5,1,325,390,50,723,40,2,1.0,2.333333333333333,3.6666666666666665,5.0,0.0,3.3333333333333335,6.666666666666667,10.0,0.0,0.3333333333333333,0.6666666666666666,1.0
